email,firstname,lastname,phone
Kristofe.Sarmiento@hcl.com,Kristofe,Sarmiento,+44-2943716868
Dierra.Clarkson@hcl.com,Dierra,Clarkson,+44-5973753140
Zuleima.Knauer@hcl.com,Zuleima,Knauer,+44-2865636166
Natanael.Toler@hcl.com,Natanael,Toler,+44-8461296883
Tracy.Culhane@hcl.com,Tracy,Culhane,+44-2217421308
Stephany.Chittenden@hcl.com,Stephany,Chittenden,+44-9171513859
Dimitrius.Towns@hcl.com,Dimitrius,Towns,+44-3195416901
Diondra.Herrell@hcl.com,Diondra,Herrell,+44-1288721552
Sparkle.Mcmath@hcl.com,Sparkle,Mcmath,+44-2046416613
Montie.Cantor@hcl.com,Montie,Cantor,+44-0432002082
Chemise.Nilsson@hcl.com,Chemise,Nilsson,+44-3697144030
Clive.Bruch@hcl.com,Clive,Bruch,+44-8216162147
Nikkia.Spooner@hcl.com,Nikkia,Spooner,+44-9374988250
Jax.Stephan@hcl.com,Jax,Stephan,+44-0451579317
Ishan.Kersten@hcl.com,Ishan,Kersten,+44-2526003177
Hilary.Muench@hcl.com,Hilary,Muench,+44-0334514801
Kylah.Havens@hcl.com,Kylah,Havens,+44-2669652268
Asia.Gertz@hcl.com,Asia,Gertz,+44-8128989748
Drita.Balzer@hcl.com,Drita,Balzer,+44-5872679248
Godwin.Gatto@hcl.com,Godwin,Gatto,+44-3437523628
Chayla.Chasteen@hcl.com,Chayla,Chasteen,+44-1239758267
Susan.Duron@hcl.com,Susan,Duron,+44-1569192525
Ninette.Meadors@hcl.com,Ninette,Meadors,+44-4240197097
Nyesha.Herrman@hcl.com,Nyesha,Herrman,+44-5405112651
Jesseca.Eubanks@hcl.com,Jesseca,Eubanks,+44-8258756409
Kristyna.Cravens@hcl.com,Kristyna,Cravens,+44-8173983156
Boy.Kaelin@hcl.com,Boy,Kaelin,+44-3626540637
Prescilla.Restivo@hcl.com,Prescilla,Restivo,+44-8230889671
Sayda.Hesson@hcl.com,Sayda,Hesson,+44-0624459909
Egan.Weins@hcl.com,Egan,Weins,+44-6245188260
Shannon.Veal@hcl.com,Shannon,Veal,+44-8314047446
Yaricza.Dieter@hcl.com,Yaricza,Dieter,+44-4564458625
Dandre.Ashby@hcl.com,Dandre,Ashby,+44-9854278935
Nguyen.Provencher@hcl.com,Nguyen,Provencher,+44-2394549041
Caylin.Robeson@hcl.com,Caylin,Robeson,+44-6064314618
Wes.Roscoe@hcl.com,Wes,Roscoe,+44-2906199522
Kana.Bocanegra@hcl.com,Kana,Bocanegra,+44-2494451578
Lizandra.Million@hcl.com,Lizandra,Million,+44-6567024391
Adreanna.Alston@hcl.com,Adreanna,Alston,+44-7486469717
Sheetal.Matcham@hcl.com,Sheetal,Matcham,+44-2443305070
Antoni.Halford@hcl.com,Antoni,Halford,+44-8049148005
Terin.Bilyeu@hcl.com,Terin,Bilyeu,+44-8532488024
Nassim.Cody@hcl.com,Nassim,Cody,+44-1161505915
Jamall.Snook@hcl.com,Jamall,Snook,+44-4992256654
Darvin.Klima@hcl.com,Darvin,Klima,+44-1845920473
Bertina.Stucke@hcl.com,Bertina,Stucke,+44-3423071246
Erinn.Schmitz@hcl.com,Erinn,Schmitz,+44-5665120649
Lanaya.Stout@hcl.com,Lanaya,Stout,+44-7821294032
Boyce.Crissman@hcl.com,Boyce,Crissman,+44-5573393197
Myranda.Orozco@hcl.com,Myranda,Orozco,+44-4568436242
Zohair.Harner@hcl.com,Zohair,Harner,+44-1324815654
Stefen.Wardlow@hcl.com,Stefen,Wardlow,+44-3633435566
Kinsey.Winders@hcl.com,Kinsey,Winders,+44-2167607329
Yoshiko.Luc@hcl.com,Yoshiko,Luc,+44-8988592980
Roni.Elmhurst@hcl.com,Roni,Elmhurst,+44-8685049056
Natalie.Fleenor@hcl.com,Natalie,Fleenor,+44-0407411536
Dayra.Hermanson@hcl.com,Dayra,Hermanson,+44-4544763977
Sabino.Davis@hcl.com,Sabino,Davis,+44-9350624001
Cesilia.Maddux@hcl.com,Cesilia,Maddux,+44-7708884102
Laquitta.Fuqua@hcl.com,Laquitta,Fuqua,+44-6412510397
Sondra.Winters@hcl.com,Sondra,Winters,+44-6850771590
Taija.Slater@hcl.com,Taija,Slater,+44-0202961244
Kashe.Cordeiro@hcl.com,Kashe,Cordeiro,+44-2839550066
Keyaira.Gatto@hcl.com,Keyaira,Gatto,+44-8609024459
Aiesha.Edmond@hcl.com,Aiesha,Edmond,+44-1575711350
Abreanna.Cane@hcl.com,Abreanna,Cane,+44-5179457444
Karyssa.Polen@hcl.com,Karyssa,Polen,+44-4024712059
Sincere.Franck@hcl.com,Sincere,Franck,+44-2730048768
Temeka.Malzard@hcl.com,Temeka,Malzard,+44-8189832576
Siddharth.Berard@hcl.com,Siddharth,Berard,+44-3127103794
Lauryn.Hollister@hcl.com,Lauryn,Hollister,+44-1263932005
Idalia.Eastman@hcl.com,Idalia,Eastman,+44-2062715409
Teena.Ashe@hcl.com,Teena,Ashe,+44-8804997548
Khrystina.Gerstner@hcl.com,Khrystina,Gerstner,+44-8007892776
Alec.Mayne@hcl.com,Alec,Mayne,+44-4103493151
Janneth.Frankton@hcl.com,Janneth,Frankton,+44-9275577312
Amna.Matos@hcl.com,Amna,Matos,+44-8424100442
Tarrence.Depina@hcl.com,Tarrence,Depina,+44-6289283935
Sarrah.Lawlor@hcl.com,Sarrah,Lawlor,+44-5969317437
Shirlee.Koenig@hcl.com,Shirlee,Koenig,+44-9057140696
Jaime.Maiden@hcl.com,Jaime,Maiden,+44-3277721339
Madisson.Silcox@hcl.com,Madisson,Silcox,+44-7000028655
Adalia.Levis@hcl.com,Adalia,Levis,+44-8546186449
Girl.Farrell@hcl.com,Girl,Farrell,+44-8631092961
Corderro.Woodberry@hcl.com,Corderro,Woodberry,+44-8187291035
Shamaine.Lor@hcl.com,Shamaine,Lor,+44-8147712095
Lelia.Kalish@hcl.com,Lelia,Kalish,+44-2396809317
Shantrice.Kirkwood@hcl.com,Shantrice,Kirkwood,+44-1937200476
Walter.Mertz@hcl.com,Walter,Mertz,+44-5728666308
Marquetta.Vogler@hcl.com,Marquetta,Vogler,+44-4709454903
Caridad.Sutliff@hcl.com,Caridad,Sutliff,+44-7624828753
Malique.Settles@hcl.com,Malique,Settles,+44-8913886038
Kalob.Merlino@hcl.com,Kalob,Merlino,+44-5578802389
Amariah.Rae@hcl.com,Amariah,Rae,+44-7259936557
July.Champagne@hcl.com,July,Champagne,+44-7369830604
Yazmine.Becerra@hcl.com,Yazmine,Becerra,+44-0966289920
Breyana.Ota@hcl.com,Breyana,Ota,+44-9894314044
Keane.Heacock@hcl.com,Keane,Heacock,+44-4829942751
Malke.Boone@hcl.com,Malke,Boone,+44-8872183787
Yuna.Judy@hcl.com,Yuna,Judy,+44-3621170826
Yehudah.Warlick@hcl.com,Yehudah,Warlick,+44-8697595759
Tywan.Christopherson@hcl.com,Tywan,Christopherson,+44-1187457636
Stevens.Wolfe@hcl.com,Stevens,Wolfe,+44-2528862594
Chessa.Tittle@hcl.com,Chessa,Tittle,+44-5623546235
Geovannie.Vecchio@hcl.com,Geovannie,Vecchio,+44-8233650213
Benedict.Wilmot@hcl.com,Benedict,Wilmot,+44-8992578562
Kapri.Witham@hcl.com,Kapri,Witham,+44-8821547352
Terrisha.Folk@hcl.com,Terrisha,Folk,+44-3740715280
Ellesse.Heredia@hcl.com,Ellesse,Heredia,+44-3295871223
Eriverto.Plante@hcl.com,Eriverto,Plante,+44-0103885613
Brandin.Whiddon@hcl.com,Brandin,Whiddon,+44-6440485263
Huriel.Redding@hcl.com,Huriel,Redding,+44-0694255390
Jesusita.Rector@hcl.com,Jesusita,Rector,+44-9072077110
Demetrious.Gessner@hcl.com,Demetrious,Gessner,+44-4918987700
Leander.Laflamme@hcl.com,Leander,Laflamme,+44-4892370784
Shadee.Gaeta@hcl.com,Shadee,Gaeta,+44-1795910260
Savion.Nair@hcl.com,Savion,Nair,+44-2287218997
Legend.Aragon@hcl.com,Legend,Aragon,+44-3747227634
Jimi.South@hcl.com,Jimi,South,+44-3950931725
Melizza.Shumpert@hcl.com,Melizza,Shumpert,+44-3959692182
Danah.Leto@hcl.com,Danah,Leto,+44-6291072377
Dian.Ames@hcl.com,Dian,Ames,+44-3486387748
Eveline.Cogburn@hcl.com,Eveline,Cogburn,+44-3620126900
Izaak.Hardesty@hcl.com,Izaak,Hardesty,+44-9803750474
Davina.Gamez@hcl.com,Davina,Gamez,+44-9205595120
Yasmina.Haddock@hcl.com,Yasmina,Haddock,+44-5276428057
Ku.Eck@hcl.com,Ku,Eck,+44-1456974145
Latrina.Hutter@hcl.com,Latrina,Hutter,+44-7506641602
Trevious.Biesty@hcl.com,Trevious,Biesty,+44-7844805564
Kalina.Gunderson@hcl.com,Kalina,Gunderson,+44-4064147967
Idalia.Chatterton@hcl.com,Idalia,Chatterton,+44-4164339790
Derek.Chaudhry@hcl.com,Derek,Chaudhry,+44-1801406623
Lauran.Leeds@hcl.com,Lauran,Leeds,+44-9358354772
Augustina.Cron@hcl.com,Augustina,Cron,+44-1137257753
Daphney.Ball@hcl.com,Daphney,Ball,+44-2778336227
Mitch.Hedges@hcl.com,Mitch,Hedges,+44-0644389023
Syrena.Lanza@hcl.com,Syrena,Lanza,+44-2819313902
Annamarie.Howington@hcl.com,Annamarie,Howington,+44-6129903844
Pa.Welch@hcl.com,Pa,Welch,+44-7289983544
Mitchel.Muirhead@hcl.com,Mitchel,Muirhead,+44-8630720878
Marylee.Grays@hcl.com,Marylee,Grays,+44-8801622874
Moncia.Cotner@hcl.com,Moncia,Cotner,+44-8108122044
Lillia.Chau@hcl.com,Lillia,Chau,+44-0806170507
Flint.Wendland@hcl.com,Flint,Wendland,+44-4560978860
Binh.Hallock@hcl.com,Binh,Hallock,+44-0537854420
Kimaya.Jinks@hcl.com,Kimaya,Jinks,+44-4168029694
Raquell.Pressler@hcl.com,Raquell,Pressler,+44-6043562715
Kimberli.Reisinger@hcl.com,Kimberli,Reisinger,+44-9122862230
Shyheem.Immel@hcl.com,Shyheem,Immel,+44-5875408129
Satoshi.Adams@hcl.com,Satoshi,Adams,+44-5081556714
Elliot.Bainbridge@hcl.com,Elliot,Bainbridge,+44-1826727108
Chavonne.Leblanc@hcl.com,Chavonne,Leblanc,+44-3733061161
Amy.Chiang@hcl.com,Amy,Chiang,+44-3850274339
Avrohom.Eccles@hcl.com,Avrohom,Eccles,+44-1777557518
Jessicaann.Boulton@hcl.com,Jessicaann,Boulton,+44-2314862868
Tarin.Bollman@hcl.com,Tarin,Bollman,+44-7093418451
Jaylon.Bayer@hcl.com,Jaylon,Bayer,+44-1469289860
Wali.Donohue@hcl.com,Wali,Donohue,+44-6142711898
Minna.Lucio@hcl.com,Minna,Lucio,+44-5990671023
Benuel.Oliva@hcl.com,Benuel,Oliva,+44-1439806378
Trudi.Strausbaugh@hcl.com,Trudi,Strausbaugh,+44-2279427853
Roshaunda.Karn@hcl.com,Roshaunda,Karn,+44-6656675194
Darrielle.Schnabel@hcl.com,Darrielle,Schnabel,+44-6131160062
Jaelyn.Moxley@hcl.com,Jaelyn,Moxley,+44-7274170138
Torre.Coston@hcl.com,Torre,Coston,+44-6188306311
Thad.Spohn@hcl.com,Thad,Spohn,+44-2751368076
Mikie.Walston@hcl.com,Mikie,Walston,+44-3674203620
Ruvim.Super@hcl.com,Ruvim,Super,+44-3083982014
Dyllon.Keating@hcl.com,Dyllon,Keating,+44-4764271623
Kalin.Jansen@hcl.com,Kalin,Jansen,+44-9548105471
Monalisa.Castelli@hcl.com,Monalisa,Castelli,+44-3336101352
Cleopatra.Brimmer@hcl.com,Cleopatra,Brimmer,+44-5683789134
Luiz.Morrissette@hcl.com,Luiz,Morrissette,+44-3927936212
Batoul.Conant@hcl.com,Batoul,Conant,+44-7696504367
Dequavious.Hatton@hcl.com,Dequavious,Hatton,+44-1862701076
Yohanna.Mintz@hcl.com,Yohanna,Mintz,+44-5207617138
Tempestt.Wininger@hcl.com,Tempestt,Wininger,+44-9892800785
Nasir.Wing@hcl.com,Nasir,Wing,+44-0571527132
Amoni.Vesty@hcl.com,Amoni,Vesty,+44-0188042132
Jeovanny.Hanlon@hcl.com,Jeovanny,Hanlon,+44-4223115492
Tyson.Kuhn@hcl.com,Tyson,Kuhn,+44-9280793281
Pualani.Griswold@hcl.com,Pualani,Griswold,+44-6680599907
Josey.Devereaux@hcl.com,Josey,Devereaux,+44-0572295887
Rainier.Longmire@hcl.com,Rainier,Longmire,+44-1177813939
Narissa.Weinstock@hcl.com,Narissa,Weinstock,+44-3409119021
Vanesa.Gaul@hcl.com,Vanesa,Gaul,+44-4315653220
Nykea.Cosme@hcl.com,Nykea,Cosme,+44-7292575072
Nelli.Queen@hcl.com,Nelli,Queen,+44-2446092446
Yehudah.Poorman@hcl.com,Yehudah,Poorman,+44-9359678303
Tuyet.Blank@hcl.com,Tuyet,Blank,+44-0356487227
Danniel.Wilkes@hcl.com,Danniel,Wilkes,+44-7435946256
Taavon.Mello@hcl.com,Taavon,Mello,+44-6760043271
Xitlaly.Arguelles@hcl.com,Xitlaly,Arguelles,+44-1461968905
Jeanpaul.Criss@hcl.com,Jeanpaul,Criss,+44-7571649919
Davante.Sandstrom@hcl.com,Davante,Sandstrom,+44-3738999706
Hinda.Eggers@hcl.com,Hinda,Eggers,+44-6561434464
Lacole.Jarnagin@hcl.com,Lacole,Jarnagin,+44-7927504002
Sincere.Sabol@hcl.com,Sincere,Sabol,+44-4596462475
Callie.Morman@hcl.com,Callie,Morman,+44-5610201380
Ajaysia.Reckless@hcl.com,Ajaysia,Reckless,+44-8248925588
Dyanna.Wiener@hcl.com,Dyanna,Wiener,+44-3125489190
Laurissa.Hurd@hcl.com,Laurissa,Hurd,+44-6344734076
Kianna.Hardcastle@hcl.com,Kianna,Hardcastle,+44-4840388921
Natascha.Barry@hcl.com,Natascha,Barry,+44-9028001944
Carley.Caples@hcl.com,Carley,Caples,+44-5838242822
Jacquie.Reeder@hcl.com,Jacquie,Reeder,+44-3378518523
Darline.Hackney@hcl.com,Darline,Hackney,+44-8005850847
Prithvi.Davies@hcl.com,Prithvi,Davies,+44-4968415799
Allysha.Gilchrist@hcl.com,Allysha,Gilchrist,+44-8829581049
Arti.Macklin@hcl.com,Arti,Macklin,+44-6555573844
Shatima.Feller@hcl.com,Shatima,Feller,+44-1307287655
Johnae.Pinero@hcl.com,Johnae,Pinero,+44-3416313707
Dashon.Isoldi@hcl.com,Dashon,Isoldi,+44-1171800776
Janya.Harrelson@hcl.com,Janya,Harrelson,+44-1456599101
Niccolo.Flood@hcl.com,Niccolo,Flood,+44-8586985733
Dayra.Spangler@hcl.com,Dayra,Spangler,+44-7836241121
Chiara.McGebenay@hcl.com,Chiara,McGebenay,+44-9585491329
Meagon.Pablo@hcl.com,Meagon,Pablo,+44-4903246017
Karolina.Mcaleer@hcl.com,Karolina,Mcaleer,+44-8843692118
Randolf.Scherer@hcl.com,Randolf,Scherer,+44-9297623887
Darcey.Nuss@hcl.com,Darcey,Nuss,+44-6186672847
Patryk.Parry@hcl.com,Patryk,Parry,+44-2786926616
Arica.Lui@hcl.com,Arica,Lui,+44-0780235861
Salomon.Moy@hcl.com,Salomon,Moy,+44-2698387031
Roddrick.Neighbors@hcl.com,Roddrick,Neighbors,+44-3030185654
Santanna.Shore@hcl.com,Santanna,Shore,+44-6215439850
Nansi.Fierro@hcl.com,Nansi,Fierro,+44-0569805745
Zaid.Marques@hcl.com,Zaid,Marques,+44-0730324091
Jena.Hruska@hcl.com,Jena,Hruska,+44-4158478312
Camren.Mcclary@hcl.com,Camren,Mcclary,+44-9925247390
Ola.Sinclair@hcl.com,Ola,Sinclair,+44-4468721200
Lenee.Stein@hcl.com,Lenee,Stein,+44-0217727370
Aldric.Bhatt@hcl.com,Aldric,Bhatt,+44-1874080438
Siddarth.Barnhardt@hcl.com,Siddarth,Barnhardt,+44-1864842428
Kyan.Marcello@hcl.com,Kyan,Marcello,+44-2866459275
Quantavious.Stacks@hcl.com,Quantavious,Stacks,+44-8672648649
Yoshio.Guillen@hcl.com,Yoshio,Guillen,+44-7546766431
Jarred.Hair@hcl.com,Jarred,Hair,+44-2706718577
Chrisopher.Gong@hcl.com,Chrisopher,Gong,+44-7951611480
Ramell.Gajewski@hcl.com,Ramell,Gajewski,+44-2864735124
Phylicia.Kirschner@hcl.com,Phylicia,Kirschner,+44-6454470036
Edith.Fudge@hcl.com,Edith,Fudge,+44-0773175095
Dontarius.Saini@hcl.com,Dontarius,Saini,+44-7121532098
Kadejah.Leighty@hcl.com,Kadejah,Leighty,+44-7922082074
Terell.Bergeron@hcl.com,Terell,Bergeron,+44-6199853670
Shenika.Chabot@hcl.com,Shenika,Chabot,+44-9223292800
Jamyia.Fullwood@hcl.com,Jamyia,Fullwood,+44-5333480121
Maddison.Hogsden@hcl.com,Maddison,Hogsden,+44-8665232516
Pedro.Jung@hcl.com,Pedro,Jung,+44-8758164938
Mairin.Mendoza@hcl.com,Mairin,Mendoza,+44-6980255983
Jaquel.Jude@hcl.com,Jaquel,Jude,+44-4787366016
Kejuan.Shurtleff@hcl.com,Kejuan,Shurtleff,+44-7277004833
Dangelo.Fey@hcl.com,Dangelo,Fey,+44-2030589745
Zavion.Murakami@hcl.com,Zavion,Murakami,+44-3670273442
Leroy.Beaty@hcl.com,Leroy,Beaty,+44-2972703821
Kingsley.Reading@hcl.com,Kingsley,Reading,+44-1263516653
Delrico.Seto@hcl.com,Delrico,Seto,+44-3983412196
Saquana.Lobo@hcl.com,Saquana,Lobo,+44-8161034209
Cristino.Blanco@hcl.com,Cristino,Blanco,+44-3856010993
Ulices.Deeter@hcl.com,Ulices,Deeter,+44-8270338944
Amita.Moro@hcl.com,Amita,Moro,+44-0596360785
Trystan.Przybylski@hcl.com,Trystan,Przybylski,+44-9582024657
Dimitry.Shakspeare@hcl.com,Dimitry,Shakspeare,+44-4760742424
Jazmene.Keown@hcl.com,Jazmene,Keown,+44-4884762583
Shawnta.Laing@hcl.com,Shawnta,Laing,+44-5677255166
Jeshua.Meaux@hcl.com,Jeshua,Meaux,+44-4762579468
Hyrum.Carte@hcl.com,Hyrum,Carte,+44-2115657839
Lania.Oxley@hcl.com,Lania,Oxley,+44-1111838301
Yukari.Leung@hcl.com,Yukari,Leung,+44-9960447723
Jaylyn.Campo@hcl.com,Jaylyn,Campo,+44-7685855114
Gevorg.Hilliard@hcl.com,Gevorg,Hilliard,+44-4634960287
Dierra.Giurio@hcl.com,Dierra,Giurio,+44-9417255523
Rahcel.Shinkle@hcl.com,Rahcel,Shinkle,+44-0389998554
Tambra.Cattermole@hcl.com,Tambra,Cattermole,+44-8763388070
Kimberleigh.Roser@hcl.com,Kimberleigh,Roser,+44-9905968827
Djuan.Martineau@hcl.com,Djuan,Martineau,+44-4247780934
Karon.Hanner@hcl.com,Karon,Hanner,+44-1001109019
Emoni.Blohm@hcl.com,Emoni,Blohm,+44-0451213854
Monserat.Tague@hcl.com,Monserat,Tague,+44-2339947743
Shemeka.Choate@hcl.com,Shemeka,Choate,+44-3065257720
Brielle.Leigh@hcl.com,Brielle,Leigh,+44-3882440156
Lorenso.Wilber@hcl.com,Lorenso,Wilber,+44-0654611982
Esperansa.Dickson@hcl.com,Esperansa,Dickson,+44-5859359711
Godwin.Branton@hcl.com,Godwin,Branton,+44-8265571149
Kadeesha.Hanna@hcl.com,Kadeesha,Hanna,+44-8333568012
Augusto.Tomlinson@hcl.com,Augusto,Tomlinson,+44-3134372811
Chelcy.Pack@hcl.com,Chelcy,Pack,+44-8781434213
Charise.Morrone@hcl.com,Charise,Morrone,+44-7198098734
Malky.Tennison@hcl.com,Malky,Tennison,+44-9801454449
Naomy.Dizon@hcl.com,Naomy,Dizon,+44-0432767026
Janiel.Regnier@hcl.com,Janiel,Regnier,+44-3990751327
Deasia.Dam@hcl.com,Deasia,Dam,+44-1899834071
Kiet.Bubbear@hcl.com,Kiet,Bubbear,+44-7088600784
Rainie.Lea@hcl.com,Rainie,Lea,+44-3720757278
Jaylee.Wampler@hcl.com,Jaylee,Wampler,+44-3722103811
Amos.Fay@hcl.com,Amos,Fay,+44-4561322915
Shamiya.Armstrong@hcl.com,Shamiya,Armstrong,+44-3255392744
Henrry.Foss@hcl.com,Henrry,Foss,+44-3624365856
Dannah.Gaylor@hcl.com,Dannah,Gaylor,+44-2491579261
Marshawn.Klosser@hcl.com,Marshawn,Klosser,+44-7571801449
Gavriela.Gaddy@hcl.com,Gavriela,Gaddy,+44-9736797167
Genna.Fetter@hcl.com,Genna,Fetter,+44-0855642436
Magda.Bark@hcl.com,Magda,Bark,+44-1616016299
Raegan.Marten@hcl.com,Raegan,Marten,+44-7126037508
Mariaangelica.Clayborn@hcl.com,Mariaangelica,Clayborn,+44-3207236336
Janella.Hank@hcl.com,Janella,Hank,+44-3712824163
Lazerrick.Stefan@hcl.com,Lazerrick,Stefan,+44-9561267141
Dajae.Shin@hcl.com,Dajae,Shin,+44-3190406984
Jobanny.Sexton@hcl.com,Jobanny,Sexton,+44-5184130917
Kane.Gomes@hcl.com,Kane,Gomes,+44-2611018452
Shantoria.Fifield@hcl.com,Shantoria,Fifield,+44-4165756829
Art.Heim@hcl.com,Art,Heim,+44-5572350784
Britne.Rhone@hcl.com,Britne,Rhone,+44-9311034811
Poonam.Badger@hcl.com,Poonam,Badger,+44-5172952309
Tangela.Clitherow@hcl.com,Tangela,Clitherow,+44-9024942030
Natavia.Keene@hcl.com,Natavia,Keene,+44-1178721039
Cammie.Fitzpatrick@hcl.com,Cammie,Fitzpatrick,+44-3239358759
Ashliegh.Frasier@hcl.com,Ashliegh,Frasier,+44-4594361728
Shelsey.Mallett@hcl.com,Shelsey,Mallett,+44-8928692105
Sharonica.Witten@hcl.com,Sharonica,Witten,+44-3625883644
Grigor.Kearney@hcl.com,Grigor,Kearney,+44-0727725811
Immanuel.Epps@hcl.com,Immanuel,Epps,+44-5979243276
Erika.Troyer@hcl.com,Erika,Troyer,+44-2957685892
Tate.Bullard@hcl.com,Tate,Bullard,+44-7752018745
Alexzandra.Hickisson@hcl.com,Alexzandra,Hickisson,+44-4169014876
Rigo.Simonson@hcl.com,Rigo,Simonson,+44-8966253154
Saleh.Dennison@hcl.com,Saleh,Dennison,+44-0891357712
Ramell.Butler@hcl.com,Ramell,Butler,+44-4984593402
Kylon.Liang@hcl.com,Kylon,Liang,+44-2827043020
Art.Ledet@hcl.com,Art,Ledet,+44-0125774438
Erron.Vidal@hcl.com,Erron,Vidal,+44-2764612259
Karime.Mattox@hcl.com,Karime,Mattox,+44-2703931142
Lakeya.Chasse@hcl.com,Lakeya,Chasse,+44-0507562046
Alexis.Clair@hcl.com,Alexis,Clair,+44-5178287203
Rodrigus.Swint@hcl.com,Rodrigus,Swint,+44-0390152510
Marine.Scammell@hcl.com,Marine,Scammell,+44-4809912309
Ebonie.Lineberger@hcl.com,Ebonie,Lineberger,+44-6993601990
Cyerra.Mcnerney@hcl.com,Cyerra,Mcnerney,+44-6321488497
Malaysia.Packard@hcl.com,Malaysia,Packard,+44-5009611214
Niesha.Mickle@hcl.com,Niesha,Mickle,+44-7646796487
Nicolai.Cha@hcl.com,Nicolai,Cha,+44-4591181776
Buford.Idney@hcl.com,Buford,Idney,+44-5109055695
Kyla.Gildea@hcl.com,Kyla,Gildea,+44-9057420358
Chaz.Zack@hcl.com,Chaz,Zack,+44-6494735217
Tenesha.Berger@hcl.com,Tenesha,Berger,+44-3672815424
Jasper.Harlow@hcl.com,Jasper,Harlow,+44-1259775374
Delorean.Earnest@hcl.com,Delorean,Earnest,+44-6784358055
Roseline.Real@hcl.com,Roseline,Real,+44-7126895333
Debra.Sander@hcl.com,Debra,Sander,+44-2656119204
Kapono.Otte@hcl.com,Kapono,Otte,+44-0974046514
Everton.Hausman@hcl.com,Everton,Hausman,+44-0873485686
Synthia.Vargo@hcl.com,Synthia,Vargo,+44-8096742793
Ayonna.Sciortino@hcl.com,Ayonna,Sciortino,+44-0939781445
Tamsen.Twigg@hcl.com,Tamsen,Twigg,+44-2781466887
Tammie.Joo@hcl.com,Tammie,Joo,+44-2825937397
Jasiah.Klassen@hcl.com,Jasiah,Klassen,+44-3381978700
Eris.Alleyne@hcl.com,Eris,Alleyne,+44-6802590679
Jesu.Castellanos@hcl.com,Jesu,Castellanos,+44-4336269477
Shelsy.Harbaugh@hcl.com,Shelsy,Harbaugh,+44-1500511479
Yuriana.Bracy@hcl.com,Yuriana,Bracy,+44-9158012775
Samatha.Keyes@hcl.com,Samatha,Keyes,+44-7481954086
Tiffanie.Wick@hcl.com,Tiffanie,Wick,+44-2137404446
Carly.Visser@hcl.com,Carly,Visser,+44-8510582737
Haylee.Gifford@hcl.com,Haylee,Gifford,+44-7319291792
Linh.Gullo@hcl.com,Linh,Gullo,+44-6310765884
Matty.Kramer@hcl.com,Matty,Kramer,+44-5599731844
Feigy.Sutherland@hcl.com,Feigy,Sutherland,+44-5654276854
Ahtziri.Mullaney@hcl.com,Ahtziri,Mullaney,+44-1907941568
Jesusantonio.Wamsley@hcl.com,Jesusantonio,Wamsley,+44-2370666672
Kelton.Hage@hcl.com,Kelton,Hage,+44-7573653901
Leyda.Cavaliere@hcl.com,Leyda,Cavaliere,+44-9696127548
Basya.Cogdill@hcl.com,Basya,Cogdill,+44-4558451414
Sissy.Horwitz@hcl.com,Sissy,Horwitz,+44-9052046559
Jenea.Joyner@hcl.com,Jenea,Joyner,+44-6404452447
Mercedes.Gullickson@hcl.com,Mercedes,Gullickson,+44-4018932324
Francisc.Emerick@hcl.com,Francisc,Emerick,+44-0914900559
Eulices.Tharp@hcl.com,Eulices,Tharp,+44-3267901469
Galilea.Fordyce@hcl.com,Galilea,Fordyce,+44-2998208761
Renesha.Sanmiguel@hcl.com,Renesha,Sanmiguel,+44-0794989561
Shakera.Juliano@hcl.com,Shakera,Juliano,+44-2093425802
Shykemmia.Gravel@hcl.com,Shykemmia,Gravel,+44-8071432148
Mailyn.Bober@hcl.com,Mailyn,Bober,+44-2968111141
Nihar.Bushman@hcl.com,Nihar,Bushman,+44-7270282345
Riley.Thompson@hcl.com,Riley,Thompson,+44-3205795543
Pawel.Montiel@hcl.com,Pawel,Montiel,+44-0884110674
Derrell.Lou@hcl.com,Derrell,Lou,+44-7308634164
Sachiko.Hampson@hcl.com,Sachiko,Hampson,+44-1809932206
Ociel.Cress@hcl.com,Ociel,Cress,+44-4172314283
Shilo.Harrison@hcl.com,Shilo,Harrison,+44-2007237827
Donta.Berning@hcl.com,Donta,Berning,+44-5393241157
Evelio.Cabezas@hcl.com,Evelio,Cabezas,+44-4254092964
Orson.Villalba@hcl.com,Orson,Villalba,+44-6178616182
Siobhan.Southworth@hcl.com,Siobhan,Southworth,+44-5660256127
Kay.Messing@hcl.com,Kay,Messing,+44-0175198166
Karanvir.Nystrom@hcl.com,Karanvir,Nystrom,+44-8531036243
Lenae.Orchard@hcl.com,Lenae,Orchard,+44-7760825818
Kadesha.Wojtowicz@hcl.com,Kadesha,Wojtowicz,+44-0224939700
Courtni.Cave@hcl.com,Courtni,Cave,+44-4176348821
Kathlynn.Pendergast@hcl.com,Kathlynn,Pendergast,+44-4531651623
Patrisia.Roy@hcl.com,Patrisia,Roy,+44-0167987676
Shahrzad.Santistevan@hcl.com,Shahrzad,Santistevan,+44-4085683147
Thane.Jiron@hcl.com,Thane,Jiron,+44-4583002022
Burnell.Szczepanski@hcl.com,Burnell,Szczepanski,+44-3010343183
Phylicia.Crayton@hcl.com,Phylicia,Crayton,+44-1235725732
Uzziel.Polini@hcl.com,Uzziel,Polini,+44-0582259218
Rosaysela.Mcelveen@hcl.com,Rosaysela,Mcelveen,+44-5994733262
Dorinda.Pollard@hcl.com,Dorinda,Pollard,+44-1875329085
Remington.Sloat@hcl.com,Remington,Sloat,+44-7992213137
Jamiah.Banegas@hcl.com,Jamiah,Banegas,+44-8237716526
Gianina.Shih@hcl.com,Gianina,Shih,+44-1002584535
Concha.Tobin@hcl.com,Concha,Tobin,+44-3214317206
Shaheen.Georges@hcl.com,Shaheen,Georges,+44-1984392288
Tallon.Fretwell@hcl.com,Tallon,Fretwell,+44-7401131559
Janette.Mcdonnell@hcl.com,Janette,Mcdonnell,+44-7461214250
Kaisa.Gilbreath@hcl.com,Kaisa,Gilbreath,+44-9934655579
Penina.Mulcahy@hcl.com,Penina,Mulcahy,+44-2300289639
Kaven.Gorham@hcl.com,Kaven,Gorham,+44-4128402231
Sho.Eddington@hcl.com,Sho,Eddington,+44-2895326963
Matthew.Werner@hcl.com,Matthew,Werner,+44-9486368487
Shelisa.Yetter@hcl.com,Shelisa,Yetter,+44-0361220628
Adrean.Bonar@hcl.com,Adrean,Bonar,+44-9258624381
Desirea.Wolf@hcl.com,Desirea,Wolf,+44-7599239935
Odin.Dufrene@hcl.com,Odin,Dufrene,+44-7394560777
Aysha.Trivette@hcl.com,Aysha,Trivette,+44-0130978708
Jaydon.Poore@hcl.com,Jaydon,Poore,+44-3580624078
Chassidy.Shiflett@hcl.com,Chassidy,Shiflett,+44-8800016304
Thuan.Ramsay@hcl.com,Thuan,Ramsay,+44-9697174505
Encarnacion.Woodford@hcl.com,Encarnacion,Woodford,+44-2896006363
Hoa.Friday@hcl.com,Hoa,Friday,+44-5044774716
Nykea.Leopold@hcl.com,Nykea,Leopold,+44-7857585890
Alexei.Houle@hcl.com,Alexei,Houle,+44-6336883396
Lyndee.Isom@hcl.com,Lyndee,Isom,+44-3741017238
Enid.Easter@hcl.com,Enid,Easter,+44-8026553524
Ximena.Vanatta@hcl.com,Ximena,Vanatta,+44-5300739882
Aleksandar.Kimball@hcl.com,Aleksandar,Kimball,+44-6681086036
Mira.Leddy@hcl.com,Mira,Leddy,+44-8440248050
Porche.Skittreal@hcl.com,Porche,Skittreal,+44-4346421533
Aliyyah.Weng@hcl.com,Aliyyah,Weng,+44-2215401690
Jonh.Guenther@hcl.com,Jonh,Guenther,+44-4472997192
Donavyn.Houchins@hcl.com,Donavyn,Houchins,+44-9023466869
Margarit.Mcglone@hcl.com,Margarit,Mcglone,+44-1243609045
Marianna.Wickman@hcl.com,Marianna,Wickman,+44-4119989969
Sherrice.Ruppert@hcl.com,Sherrice,Ruppert,+44-3412037283
Aishia.Balboa@hcl.com,Aishia,Balboa,+44-9412501224
Molli.Krause@hcl.com,Molli,Krause,+44-6047470675
Chauncey.Gorski@hcl.com,Chauncey,Gorski,+44-5091363966
Kirandeep.Mattson@hcl.com,Kirandeep,Mattson,+44-1544108431
Kaylea.Groover@hcl.com,Kaylea,Groover,+44-6701729307
Tomasita.Parenteau@hcl.com,Tomasita,Parenteau,+44-1276382546
Analy.Daigle@hcl.com,Analy,Daigle,+44-8374049886
Tashina.Baron@hcl.com,Tashina,Baron,+44-3772497005
Tionna.Slabaugh@hcl.com,Tionna,Slabaugh,+44-5777613307
Klarissa.Buxton@hcl.com,Klarissa,Buxton,+44-2033167315
Nicki.Swain@hcl.com,Nicki,Swain,+44-3528795844
Benny.Weddle@hcl.com,Benny,Weddle,+44-2597215297
Shakeyla.Smits@hcl.com,Shakeyla,Smits,+44-2724523666
Halli.Auten@hcl.com,Halli,Auten,+44-0900559054
Abbygail.Phung@hcl.com,Abbygail,Phung,+44-0409279979
Mitzi.Criss@hcl.com,Mitzi,Criss,+44-0341930212
Nguyet.Selman@hcl.com,Nguyet,Selman,+44-1473885212
Tyjuan.Adcock@hcl.com,Tyjuan,Adcock,+44-6779579120
Tala.Kowalczyk@hcl.com,Tala,Kowalczyk,+44-6109173377
Sylvia.Mager@hcl.com,Sylvia,Mager,+44-9004063904
Najma.Matsumoto@hcl.com,Najma,Matsumoto,+44-3315218495
Infinity.Nalley@hcl.com,Infinity,Nalley,+44-7157877902
Raudel.Isaacson@hcl.com,Raudel,Isaacson,+44-3165604549
Catrena.Piatt@hcl.com,Catrena,Piatt,+44-9176650150
Branda.Marlin@hcl.com,Branda,Marlin,+44-3196309205
Calley.Masterson@hcl.com,Calley,Masterson,+44-9349947651
Naydelin.Newkirk@hcl.com,Naydelin,Newkirk,+44-6002123283
Avery.Matte@hcl.com,Avery,Matte,+44-7409766527
Levell.Sechrist@hcl.com,Levell,Sechrist,+44-4907956568
Makana.Mcgonagle@hcl.com,Makana,Mcgonagle,+44-5481803566
Michael.Dybell@hcl.com,Michael,Dybell,+44-3291601349
Hiral.Landry@hcl.com,Hiral,Landry,+44-3516866520
Kimberlie.Killen@hcl.com,Kimberlie,Killen,+44-0517318327
Katieann.Westmoreland@hcl.com,Katieann,Westmoreland,+44-3047087678
Prentis.Woodring@hcl.com,Prentis,Woodring,+44-4699102172
Joel.Moldenhauer@hcl.com,Joel,Moldenhauer,+44-2020721290
Rubina.Whitnall@hcl.com,Rubina,Whitnall,+44-7267257730
Jayna.Fleisher@hcl.com,Jayna,Fleisher,+44-6051219338
Aleisha.Grimmett@hcl.com,Aleisha,Grimmett,+44-5387735239
Adele.Sanborn@hcl.com,Adele,Sanborn,+44-7304672355
Ajanae.Popovich@hcl.com,Ajanae,Popovich,+44-2735434777
Walid.Depasquale@hcl.com,Walid,Depasquale,+44-2779403529
Joslyn.Slavin@hcl.com,Joslyn,Slavin,+44-5907735093
Nelly.Mckim@hcl.com,Nelly,Mckim,+44-7740344418
Ieshia.Duda@hcl.com,Ieshia,Duda,+44-4940456088
Joseh.Navarre@hcl.com,Joseh,Navarre,+44-3940744863
Tobi.Whittier@hcl.com,Tobi,Whittier,+44-7357647305
Charon.Siebert@hcl.com,Charon,Siebert,+44-1771390352
Hai.Lucero@hcl.com,Hai,Lucero,+44-1884108996
Kynisha.Govan@hcl.com,Kynisha,Govan,+44-0018835478
Bartholomew.Depasquale@hcl.com,Bartholomew,Depasquale,+44-9160287778
Ashlei.Wilbourn@hcl.com,Ashlei,Wilbourn,+44-0231466073
Ione.Stines@hcl.com,Ione,Stines,+44-3482628774
Jaimie.Bouton@hcl.com,Jaimie,Bouton,+44-9279358062
Chante.Molloy@hcl.com,Chante,Molloy,+44-4138467113
Ashleigh.Horak@hcl.com,Ashleigh,Horak,+44-2344663674
Montgomery.Mecchi@hcl.com,Montgomery,Mecchi,+44-2154304245
Yitzchak.Pettit@hcl.com,Yitzchak,Pettit,+44-2810358508
Mercede.Hoefer@hcl.com,Mercede,Hoefer,+44-8282098607
Judah.Hammett@hcl.com,Judah,Hammett,+44-8337997100
Cristoval.Tarbox@hcl.com,Cristoval,Tarbox,+44-6959768993
Shue.Upfold@hcl.com,Shue,Upfold,+44-6944918882
Lakendra.Chacon@hcl.com,Lakendra,Chacon,+44-5736692584
Kenyata.Amos@hcl.com,Kenyata,Amos,+44-5342934296
Bronwyn.Heil@hcl.com,Bronwyn,Heil,+44-8707177702
Durell.Sass@hcl.com,Durell,Sass,+44-7773922798
Karrin.Otto@hcl.com,Karrin,Otto,+44-2437740038
Dajon.Casas@hcl.com,Dajon,Casas,+44-8699694496
Adileni.Mcelyea@hcl.com,Adileni,Mcelyea,+44-2346497894
Quintavis.Leite@hcl.com,Quintavis,Leite,+44-1236745348
Javan.Gatlin@hcl.com,Javan,Gatlin,+44-1200765934
Sheridan.Heider@hcl.com,Sheridan,Heider,+44-2027974125
Katrice.Lahr@hcl.com,Katrice,Lahr,+44-4350283971
Arwen.Bost@hcl.com,Arwen,Bost,+44-1944080499
Damein.Delcid@hcl.com,Damein,Delcid,+44-3690620420
Crystian.Haden@hcl.com,Crystian,Haden,+44-8738489587
Mykaila.Warfield@hcl.com,Mykaila,Warfield,+44-0127016185
Leondre.Hurlbut@hcl.com,Leondre,Hurlbut,+44-0515647003
Emiley.Burnham@hcl.com,Emiley,Burnham,+44-7373119973
Louis.Buckler@hcl.com,Louis,Buckler,+44-7983964878
Anika.Joslyn@hcl.com,Anika,Joslyn,+44-6681348146
Kaely.Marcum@hcl.com,Kaely,Marcum,+44-4424240496
Jermicheal.Hinkle@hcl.com,Jermicheal,Hinkle,+44-3428019484
Oyuki.Vanburen@hcl.com,Oyuki,Vanburen,+44-0074186286
Lanae.Musto@hcl.com,Lanae,Musto,+44-1413231217
Takeisha.Foster@hcl.com,Takeisha,Foster,+44-5005396116
Antone.Hasbrouck@hcl.com,Antone,Hasbrouck,+44-8882645608
Kiana.Conant@hcl.com,Kiana,Conant,+44-2805760371
Belisario.Conner@hcl.com,Belisario,Conner,+44-0367207459
Eliott.Knock@hcl.com,Eliott,Knock,+44-4834171081
Randal.Brito@hcl.com,Randal,Brito,+44-4743847301
Nikia.Buechler@hcl.com,Nikia,Buechler,+44-7556513629
Olyvia.Denny@hcl.com,Olyvia,Denny,+44-1018679993
Anfernee.Healy@hcl.com,Anfernee,Healy,+44-6053578125
Aireanna.Vanek@hcl.com,Aireanna,Vanek,+44-1601491821
Qiana.Gasca@hcl.com,Qiana,Gasca,+44-2059295043
Kennetha.Stier@hcl.com,Kennetha,Stier,+44-8109080531
Shakima.Eager@hcl.com,Shakima,Eager,+44-0307058460
Kianna.Diemer@hcl.com,Kianna,Diemer,+44-6765919874
Marcin.Sigman@hcl.com,Marcin,Sigman,+44-6625864354
Hripsime.Scaggs@hcl.com,Hripsime,Scaggs,+44-6306304598
Eriel.Matzke@hcl.com,Eriel,Matzke,+44-7174998809
Lakeitha.Finnegan@hcl.com,Lakeitha,Finnegan,+44-9928155887
Shamir.Finan@hcl.com,Shamir,Finan,+44-9267128784
Jahayra.Landreth@hcl.com,Jahayra,Landreth,+44-0145919546
Aysha.Tartaglia@hcl.com,Aysha,Tartaglia,+44-0332381611
Kynisha.Dail@hcl.com,Kynisha,Dail,+44-2281984140
Mainor.Bigger@hcl.com,Mainor,Bigger,+44-5448790601
Octavia.Stapp@hcl.com,Octavia,Stapp,+44-3541346290
Curtis.Mcgowan@hcl.com,Curtis,Mcgowan,+44-0142987104
Merry.Tootell@hcl.com,Merry,Tootell,+44-4333246082
Yomira.Eicher@hcl.com,Yomira,Eicher,+44-4872935515
Ladarion.Higginbotham@hcl.com,Ladarion,Higginbotham,+44-6897004107
Marketia.Gary@hcl.com,Marketia,Gary,+44-5537956047
Jabier.Guyer@hcl.com,Jabier,Guyer,+44-6713609787
Christianne.Nau@hcl.com,Christianne,Nau,+44-3760154177
Malka.Faughnan@hcl.com,Malka,Faughnan,+44-8730252320
Analyse.Radcliff@hcl.com,Analyse,Radcliff,+44-5602736730
Osiel.Hitt@hcl.com,Osiel,Hitt,+44-0499487373
Kiley.Westbrooks@hcl.com,Kiley,Westbrooks,+44-3118128283
Tuesday.Salyers@hcl.com,Tuesday,Salyers,+44-5188600046
Heraclio.Bussey@hcl.com,Heraclio,Bussey,+44-1544845219
Maryrose.Adamov@hcl.com,Maryrose,Adamov,+44-8078730472
Dmitriy.Janson@hcl.com,Dmitriy,Janson,+44-3580588534
Ilsa.Redd@hcl.com,Ilsa,Redd,+44-1612524500
Neill.Devita@hcl.com,Neill,Devita,+44-7337699995
Maiya.Holdren@hcl.com,Maiya,Holdren,+44-9493047752
Cinnamon.Cone@hcl.com,Cinnamon,Cone,+44-7973804480
Alisia.Maley@hcl.com,Alisia,Maley,+44-1270525617
Kiara.Caesar@hcl.com,Kiara,Caesar,+44-3427637471
Chanika.Zirkle@hcl.com,Chanika,Zirkle,+44-1436170441
Britney.Landin@hcl.com,Britney,Landin,+44-3580281887
Chauntel.Yepez@hcl.com,Chauntel,Yepez,+44-9295885134
Ieasha.Eder@hcl.com,Ieasha,Eder,+44-4896195639
Lynell.Stjohn@hcl.com,Lynell,Stjohn,+44-9036846784
Kiahna.Hasty@hcl.com,Kiahna,Hasty,+44-8195405972
Cielo.Butcher@hcl.com,Cielo,Butcher,+44-0283661211
Maryssa.Macklin@hcl.com,Maryssa,Macklin,+44-5486673317
Alyxandria.Schrock@hcl.com,Alyxandria,Schrock,+44-4224777348
Klayton.Conduit@hcl.com,Klayton,Conduit,+44-5184419484
Rose.Pickel@hcl.com,Rose,Pickel,+44-6500616576
Neema.Raimondi@hcl.com,Neema,Raimondi,+44-3246691123
Briauna.Ewald@hcl.com,Briauna,Ewald,+44-1356221221
Eleni.Ehlert@hcl.com,Eleni,Ehlert,+44-2052978609
Graviela.Ingold@hcl.com,Graviela,Ingold,+44-2555572912
Ali.Duerr@hcl.com,Ali,Duerr,+44-7652662447
Yu.Barefield@hcl.com,Yu,Barefield,+44-0288183316
Karsyn.Babineaux@hcl.com,Karsyn,Babineaux,+44-3624896810
Tiphanie.Demko@hcl.com,Tiphanie,Demko,+44-6439467307
Hermilo.Hamman@hcl.com,Hermilo,Hamman,+44-5049323604
Mayah.Stults@hcl.com,Mayah,Stults,+44-5009792554
Amayah.Early@hcl.com,Amayah,Early,+44-7306832791
Thu.Orme@hcl.com,Thu,Orme,+44-3313755679
Ocie.Redmond@hcl.com,Ocie,Redmond,+44-5867039587
Vitaliy.Rebollar@hcl.com,Vitaliy,Rebollar,+44-5055012835
Treavor.Wentz@hcl.com,Treavor,Wentz,+44-8254180521
Mariadelcarmen.Stutz@hcl.com,Mariadelcarmen,Stutz,+44-3370293814
Fletcher.Yaeger@hcl.com,Fletcher,Yaeger,+44-7083663697
Mariaguadalupe.Mayle@hcl.com,Mariaguadalupe,Mayle,+44-5525388355
Mailee.Pascoe@hcl.com,Mailee,Pascoe,+44-8074731808
Darlyn.Orlowski@hcl.com,Darlyn,Orlowski,+44-0542466040
Brittanyann.Culpepper@hcl.com,Brittanyann,Culpepper,+44-1793965100
Bejamin.Hofmann@hcl.com,Bejamin,Hofmann,+44-6809411205
Sendy.Farlow@hcl.com,Sendy,Farlow,+44-2630187552
Jayro.Rankins@hcl.com,Jayro,Rankins,+44-2435321510
Fitzroy.Gimenez@hcl.com,Fitzroy,Gimenez,+44-1383260492
Jalil.Haskins@hcl.com,Jalil,Haskins,+44-0161798446
Clayton.Manchester@hcl.com,Clayton,Manchester,+44-5350212793
Katrena.Quinn@hcl.com,Katrena,Quinn,+44-6614983588
Gisella.Coxhell@hcl.com,Gisella,Coxhell,+44-0340029870
Herber.Farfan@hcl.com,Herber,Farfan,+44-4833285724
Terrick.Hildebrand@hcl.com,Terrick,Hildebrand,+44-2344170221
Judi.Lander@hcl.com,Judi,Lander,+44-4624164066
Nathifa.Chow@hcl.com,Nathifa,Chow,+44-5810299320
Somalia.Brosius@hcl.com,Somalia,Brosius,+44-8633060724
Alonzo.Hass@hcl.com,Alonzo,Hass,+44-7540869523
Letty.Feliciano@hcl.com,Letty,Feliciano,+44-5592110190
Jazzmin.Bier@hcl.com,Jazzmin,Bier,+44-9620653158
Finn.Brace@hcl.com,Finn,Brace,+44-6287889161
Heaven.Maxie@hcl.com,Heaven,Maxie,+44-2026078687
Celina.Glasper@hcl.com,Celina,Glasper,+44-6124423059
Mikalah.Wardlow@hcl.com,Mikalah,Wardlow,+44-9424615104
Jontavious.Kincade@hcl.com,Jontavious,Kincade,+44-3599745439
Elodia.Moraga@hcl.com,Elodia,Moraga,+44-2266527559
Tremeka.Rutan@hcl.com,Tremeka,Rutan,+44-5516192502
Ameen.Showers@hcl.com,Ameen,Showers,+44-1234427107
Laurene.Garibay@hcl.com,Laurene,Garibay,+44-1899634185
Drue.Samuelson@hcl.com,Drue,Samuelson,+44-8565552548
Nickole.Woodley@hcl.com,Nickole,Woodley,+44-4928037939
Johnthan.Langlois@hcl.com,Johnthan,Langlois,+44-5075720973
Yonatan.Hennen@hcl.com,Yonatan,Hennen,+44-7559822473
Rasha.Staats@hcl.com,Rasha,Staats,+44-5451178126
Janay.Acuff@hcl.com,Janay,Acuff,+44-2881955599
Yvon.Ebert@hcl.com,Yvon,Ebert,+44-4730837153
Josalyn.Volpe@hcl.com,Josalyn,Volpe,+44-4638462173
Nuvia.Regalado@hcl.com,Nuvia,Regalado,+44-8713150516
Jadelyn.Plowman@hcl.com,Jadelyn,Plowman,+44-5920786882
Chabeli.Galati@hcl.com,Chabeli,Galati,+44-2359493694
Ransom.Woerner@hcl.com,Ransom,Woerner,+44-0151372840
Candelaria.Barone@hcl.com,Candelaria,Barone,+44-0618164751
Hollee.Gruber@hcl.com,Hollee,Gruber,+44-6686044486
Christen.Mullet@hcl.com,Christen,Mullet,+44-8954387519
Chuong.Abdallah@hcl.com,Chuong,Abdallah,+44-3292785131
Bronwyn.Phelipeaux@hcl.com,Bronwyn,Phelipeaux,+44-5165590302
Chimere.Cullison@hcl.com,Chimere,Cullison,+44-1109885637
Princesa.Laubach@hcl.com,Princesa,Laubach,+44-4217832470
Lenwood.Linares@hcl.com,Lenwood,Linares,+44-2169236484
Reanna.Dolan@hcl.com,Reanna,Dolan,+44-5862772256
Shondra.Dunson@hcl.com,Shondra,Dunson,+44-8415983304
Ty.Chi@hcl.com,Ty,Chi,+44-0751920713
Annette.Jaxon@hcl.com,Annette,Jaxon,+44-9267803628
Corinthia.Lacour@hcl.com,Corinthia,Lacour,+44-2270674415
Tyshon.Goulart@hcl.com,Tyshon,Goulart,+44-1237466842
Kaito.Seiler@hcl.com,Kaito,Seiler,+44-2588339119
Kiyoko.Jarvis@hcl.com,Kiyoko,Jarvis,+44-8819562830
Johnrobert.Pratt@hcl.com,Johnrobert,Pratt,+44-0799488651
Trevonne.Thaler@hcl.com,Trevonne,Thaler,+44-2650415341
Marios.Vela@hcl.com,Marios,Vela,+44-7958673301
Chrishun.Wallin@hcl.com,Chrishun,Wallin,+44-4524430599
Vianey.Bacchus@hcl.com,Vianey,Bacchus,+44-9089679005
Sloane.Milo@hcl.com,Sloane,Milo,+44-9541967540
Dione.Godbey@hcl.com,Dione,Godbey,+44-1342067322
Eugenia.Alvis@hcl.com,Eugenia,Alvis,+44-5047836386
Nisa.Lock@hcl.com,Nisa,Lock,+44-9676117992
Hendrik.Lovins@hcl.com,Hendrik,Lovins,+44-1592562833
Tihani.Ranson@hcl.com,Tihani,Ranson,+44-2628467885
Lilly.Frias@hcl.com,Lilly,Frias,+44-0861011468
Tammra.Dodds@hcl.com,Tammra,Dodds,+44-3321854713
Linden.Dotson@hcl.com,Linden,Dotson,+44-5799676886
Shavonte.Philpot@hcl.com,Shavonte,Philpot,+44-6739573388
Deveon.Amey@hcl.com,Deveon,Amey,+44-7007572841
Bernardino.Deshazo@hcl.com,Bernardino,Deshazo,+44-7672845195
Cherika.Wayne@hcl.com,Cherika,Wayne,+44-6415445697
Jhoanna.Shane@hcl.com,Jhoanna,Shane,+44-2688197792
Tamera.Burkhart@hcl.com,Tamera,Burkhart,+44-2319479294
Fabricio.Paschal@hcl.com,Fabricio,Paschal,+44-3552764332
Yaneth.Holhouse@hcl.com,Yaneth,Holhouse,+44-9689391225
Felix.Maides@hcl.com,Felix,Maides,+44-4028907331
Alexxa.Yeary@hcl.com,Alexxa,Yeary,+44-3145344433
Keiona.Kiernan@hcl.com,Keiona,Kiernan,+44-8960619049
Kennith.Hazlett@hcl.com,Kennith,Hazlett,+44-3336261107
Taiz.Fontanez@hcl.com,Taiz,Fontanez,+44-1128369066
Queenie.Ortega@hcl.com,Queenie,Ortega,+44-6945185167
Adelaide.Gaunt@hcl.com,Adelaide,Gaunt,+44-2542960047
Jonahtan.Vallejos@hcl.com,Jonahtan,Vallejos,+44-3702225031
Oliverio.Callihan@hcl.com,Oliverio,Callihan,+44-6768653422
Marisha.Kennison@hcl.com,Marisha,Kennison,+44-9758359662
Keanthony.Picazo@hcl.com,Keanthony,Picazo,+44-2842181161
Bennet.Martz@hcl.com,Bennet,Martz,+44-8800452854
Bobbye.Lennox@hcl.com,Bobbye,Lennox,+44-6659195192
Katelin.MacCaig@hcl.com,Katelin,MacCaig,+44-6773323939
Amaris.Ferrel@hcl.com,Amaris,Ferrel,+44-0716543863
Shalanda.Sandoval@hcl.com,Shalanda,Sandoval,+44-4596239526
Deshonda.Britton@hcl.com,Deshonda,Britton,+44-8074200786
Rogerio.Evert@hcl.com,Rogerio,Evert,+44-2269405087
Hobie.Wellington@hcl.com,Hobie,Wellington,+44-5229769572
Widline.Kilby@hcl.com,Widline,Kilby,+44-5251329282
Britnie.Jeanlouis@hcl.com,Britnie,Jeanlouis,+44-6834753232
Chanika.Banning@hcl.com,Chanika,Banning,+44-5523194008
Tashan.Swain@hcl.com,Tashan,Swain,+44-2398082959
Ransom.Cramer@hcl.com,Ransom,Cramer,+44-5631770359
Elky.Jernigan@hcl.com,Elky,Jernigan,+44-2482996142
Reis.Cary@hcl.com,Reis,Cary,+44-4056189098
Yobany.Athey@hcl.com,Yobany,Athey,+44-7093477304
Trevis.Cram@hcl.com,Trevis,Cram,+44-8839237213
Zoria.Wray@hcl.com,Zoria,Wray,+44-8906321531
Shacoria.Cabral@hcl.com,Shacoria,Cabral,+44-7719252210
Fischer.Eanes@hcl.com,Fischer,Eanes,+44-5359284846
Kalman.Fortenberry@hcl.com,Kalman,Fortenberry,+44-2718296271
Phung.Salvo@hcl.com,Phung,Salvo,+44-0598793661
Waymon.Zhong@hcl.com,Waymon,Zhong,+44-7532211849
Ammar.Dingman@hcl.com,Ammar,Dingman,+44-3677364129
Kameelah.Koepke@hcl.com,Kameelah,Koepke,+44-7614251069
Maite.Garey@hcl.com,Maite,Garey,+44-1012383028
Javien.Oconnor@hcl.com,Javien,Oconnor,+44-3321849735
Smith.Swartzentruber@hcl.com,Smith,Swartzentruber,+44-4022884137
Minerva.Rhoden@hcl.com,Minerva,Rhoden,+44-3951750428
Dev.Vanhook@hcl.com,Dev,Vanhook,+44-3547388026
Katya.Schock@hcl.com,Katya,Schock,+44-6811812054
Shanese.Hamel@hcl.com,Shanese,Hamel,+44-6526476718
Arya.Isom@hcl.com,Arya,Isom,+44-2796318070
Keana.Dimond@hcl.com,Keana,Dimond,+44-9427681476
Yicel.Battaglia@hcl.com,Yicel,Battaglia,+44-4021661588
Holly.Fey@hcl.com,Holly,Fey,+44-0442695057
Alesa.Roseberry@hcl.com,Alesa,Roseberry,+44-6444145888
Zaul.Su@hcl.com,Zaul,Su,+44-1862646933
Asa.Glantz@hcl.com,Asa,Glantz,+44-5906101761
Kelleen.Underwood@hcl.com,Kelleen,Underwood,+44-5857322954
Wilnelia.Sublett@hcl.com,Wilnelia,Sublett,+44-5840786247
Raechelle.Aston@hcl.com,Raechelle,Aston,+44-2840679337
Dolores.Gunning@hcl.com,Dolores,Gunning,+44-6811867764
Tahisha.Lewins@hcl.com,Tahisha,Lewins,+44-9637853418
Roslyn.Underhill@hcl.com,Roslyn,Underhill,+44-5708817747
Haide.Moxley@hcl.com,Haide,Moxley,+44-1451849464
Earlene.Eller@hcl.com,Earlene,Eller,+44-9126482628
Alethia.Souders@hcl.com,Alethia,Souders,+44-2361964616
Blaize.Bruhn@hcl.com,Blaize,Bruhn,+44-6573623353
Josilyn.Hakes@hcl.com,Josilyn,Hakes,+44-4394216621
Tyeisha.Dimarco@hcl.com,Tyeisha,Dimarco,+44-8642930827
Batya.Gingras@hcl.com,Batya,Gingras,+44-4514045055
Dashia.Walter@hcl.com,Dashia,Walter,+44-2736127911
Riva.Greathouse@hcl.com,Riva,Greathouse,+44-3159492442
Nicholad.Blackburn@hcl.com,Nicholad,Blackburn,+44-9418685286
Rashaan.Kautz@hcl.com,Rashaan,Kautz,+44-6151032495
Arif.Logue@hcl.com,Arif,Logue,+44-7733537975
Ronda.Gaddis@hcl.com,Ronda,Gaddis,+44-9941386171
Jeimy.Caron@hcl.com,Jeimy,Caron,+44-0859547595
Jasleen.Disney@hcl.com,Jasleen,Disney,+44-6858865779
Towanda.Castano@hcl.com,Towanda,Castano,+44-0621384768
Dejaun.Heald@hcl.com,Dejaun,Heald,+44-1314163374
Tyeisha.Mooney@hcl.com,Tyeisha,Mooney,+44-7093163525
Demi.Corum@hcl.com,Demi,Corum,+44-7021491266
Lauran.Cain@hcl.com,Lauran,Cain,+44-5560620154
Marily.Golding@hcl.com,Marily,Golding,+44-1916325729
Yulemni.Saucier@hcl.com,Yulemni,Saucier,+44-1554009415
Codie.Westrick@hcl.com,Codie,Westrick,+44-8511722935
Danyell.Byrd@hcl.com,Danyell,Byrd,+44-5657964546
Arlett.Voth@hcl.com,Arlett,Voth,+44-9247856891
Athen.Rapoza@hcl.com,Athen,Rapoza,+44-8497001357
Jadelyn.Gilmer@hcl.com,Jadelyn,Gilmer,+44-4737315456
Bryanda.Hogan@hcl.com,Bryanda,Hogan,+44-4300636966
Kordell.Doll@hcl.com,Kordell,Doll,+44-1734992255
Pierre.Causier@hcl.com,Pierre,Causier,+44-8906815386
Licet.Loyd@hcl.com,Licet,Loyd,+44-4237171987
Gagandeep.Styles@hcl.com,Gagandeep,Styles,+44-4317250272
Dione.Dyer@hcl.com,Dione,Dyer,+44-6391047046
Malori.Bernardino@hcl.com,Malori,Bernardino,+44-6816890575
Jamarion.Bonner@hcl.com,Jamarion,Bonner,+44-8722765357
Shanel.Vogel@hcl.com,Shanel,Vogel,+44-4601106179
Amy.Samuelson@hcl.com,Amy,Samuelson,+44-9138935413
Ayinde.Brigham@hcl.com,Ayinde,Brigham,+44-7220635348
Dalon.Stansbury@hcl.com,Dalon,Stansbury,+44-0789760485
Edwardjames.Schultze@hcl.com,Edwardjames,Schultze,+44-1414093201
Krista.Prosser@hcl.com,Krista,Prosser,+44-6725259370
Annahi.Waldera@hcl.com,Annahi,Waldera,+44-7640635695
Keshon.Blazer@hcl.com,Keshon,Blazer,+44-8532611176
Keva.Dragon@hcl.com,Keva,Dragon,+44-7616028068
Cortnee.Smyth@hcl.com,Cortnee,Smyth,+44-6199101021
Yanai.Agan@hcl.com,Yanai,Agan,+44-5857521702
Takara.Sabo@hcl.com,Takara,Sabo,+44-0547837450
Jazleen.Maddux@hcl.com,Jazleen,Maddux,+44-3529638101
Kensley.Moulton@hcl.com,Kensley,Moulton,+44-5928300142
Terasha.Trineman@hcl.com,Terasha,Trineman,+44-4967858111
Rori.Nelson@hcl.com,Rori,Nelson,+44-4574602161
Laderrick.Zapata@hcl.com,Laderrick,Zapata,+44-5345354238
Ashlynn.Eckert@hcl.com,Ashlynn,Eckert,+44-7549111716
Marcel.Plemmons@hcl.com,Marcel,Plemmons,+44-3762744174
Eriana.Bartell@hcl.com,Eriana,Bartell,+44-1835771844
Yanelis.Kastner@hcl.com,Yanelis,Kastner,+44-8514236763
Siria.Lindell@hcl.com,Siria,Lindell,+44-3742279366
Raylina.Lindholm@hcl.com,Raylina,Lindholm,+44-3392518369
Renne.Ester@hcl.com,Renne,Ester,+44-6522404827
Elio.Ingles@hcl.com,Elio,Ingles,+44-6192687445
Christia.Kleiner@hcl.com,Christia,Kleiner,+44-0533132755
Dionte.Julius@hcl.com,Dionte,Julius,+44-1030831845
Nyah.Urena@hcl.com,Nyah,Urena,+44-5683953225
Kolin.Desantiago@hcl.com,Kolin,Desantiago,+44-5212560501
Doretta.Luebke@hcl.com,Doretta,Luebke,+44-3680357735
Jaylin.Rizzi@hcl.com,Jaylin,Rizzi,+44-8777363477
Shaan.Colin@hcl.com,Shaan,Colin,+44-0743935191
Labarron.Mcnicholas@hcl.com,Labarron,Mcnicholas,+44-4067913691
Lennard.Toma@hcl.com,Lennard,Toma,+44-7313527965
Ashlee.Mudd@hcl.com,Ashlee,Mudd,+44-2911641065
Annamari.Kobayashi@hcl.com,Annamari,Kobayashi,+44-6434660504
Lasonya.Roeder@hcl.com,Lasonya,Roeder,+44-1679528092
Alayah.Fryar@hcl.com,Alayah,Fryar,+44-1004112783
Savion.Brucker@hcl.com,Savion,Brucker,+44-3683986112
Marvyn.Isaac@hcl.com,Marvyn,Isaac,+44-8517187371
Kareemah.Brody@hcl.com,Kareemah,Brody,+44-2693569878
Markita.Ensor@hcl.com,Markita,Ensor,+44-4831503157
Gerline.Robles@hcl.com,Gerline,Robles,+44-6266482895
Shekia.Meagher@hcl.com,Shekia,Meagher,+44-4682848211
Yareli.Landes@hcl.com,Yareli,Landes,+44-4433252606
Catera.Rife@hcl.com,Catera,Rife,+44-3176885230
Doria.Koller@hcl.com,Doria,Koller,+44-8032090574
Macon.Spain@hcl.com,Macon,Spain,+44-9211035425
Keandre.Spruill@hcl.com,Keandre,Spruill,+44-3573978445
Darick.Castille@hcl.com,Darick,Castille,+44-2961619421
Pantelis.Mcelroy@hcl.com,Pantelis,Mcelroy,+44-0026650961
Kin.Fenske@hcl.com,Kin,Fenske,+44-9685637277
Lupita.Mcneil@hcl.com,Lupita,Mcneil,+44-6680702533
Kristoffer.Dorsey@hcl.com,Kristoffer,Dorsey,+44-6515392131
Yarithza.Langford@hcl.com,Yarithza,Langford,+44-2297931152
Priscilla.Zavala@hcl.com,Priscilla,Zavala,+44-3811362450
Aime.Patterson@hcl.com,Aime,Patterson,+44-4999143829
Ivanna.Borchers@hcl.com,Ivanna,Borchers,+44-8935968909
Breyona.Tincher@hcl.com,Breyona,Tincher,+44-1163514807
Samera.Mcneese@hcl.com,Samera,Mcneese,+44-8234401323
Chenin.Bos@hcl.com,Chenin,Bos,+44-4926728387
Katina.Leonhardt@hcl.com,Katina,Leonhardt,+44-9845155154
Coby.Hummel@hcl.com,Coby,Hummel,+44-3913679854
Clive.Weavill@hcl.com,Clive,Weavill,+44-8644519117
Errick.Hooker@hcl.com,Errick,Hooker,+44-3107624962
Eliabeth.Dobbins@hcl.com,Eliabeth,Dobbins,+44-1729030808
Rony.Sowder@hcl.com,Rony,Sowder,+44-5865778195
Cortavious.Atwell@hcl.com,Cortavious,Atwell,+44-9611264353
Argelis.Levan@hcl.com,Argelis,Levan,+44-6035800746
Colby.Stabler@hcl.com,Colby,Stabler,+44-7506307342
Nou.Steffen@hcl.com,Nou,Steffen,+44-4280848314
Ndrew.Cuellar@hcl.com,Ndrew,Cuellar,+44-6369195935
Marquesha.Gouge@hcl.com,Marquesha,Gouge,+44-2586661442
Correy.Postma@hcl.com,Correy,Postma,+44-8356870217
Nicolo.Boyle@hcl.com,Nicolo,Boyle,+44-2970398258
Amal.Duggon@hcl.com,Amal,Duggon,+44-0418622931
Ciro.Renick@hcl.com,Ciro,Renick,+44-7921775040
Renata.Marsh@hcl.com,Renata,Marsh,+44-1455722583
Shanekqua.Coan@hcl.com,Shanekqua,Coan,+44-9096760396
Hairo.Telford@hcl.com,Hairo,Telford,+44-0807671999
Yitzchak.McGillivrie@hcl.com,Yitzchak,McGillivrie,+44-6589384764
Liana.Heyman@hcl.com,Liana,Heyman,+44-1027519448
Deangela.Enloe@hcl.com,Deangela,Enloe,+44-2829403818
Gregg.Bicknell@hcl.com,Gregg,Bicknell,+44-5271681674
Marcin.Martins@hcl.com,Marcin,Martins,+44-7962887234
Ida.Decosta@hcl.com,Ida,Decosta,+44-9526666454
Kana.Basler@hcl.com,Kana,Basler,+44-8450185484
Charnae.Nash@hcl.com,Charnae,Nash,+44-1552257030
Brittanie.Tickner@hcl.com,Brittanie,Tickner,+44-9556795987
Lanae.Garber@hcl.com,Lanae,Garber,+44-6539354722
Uvaldo.Place@hcl.com,Uvaldo,Place,+44-8352729128
Joanne.Rittenhouse@hcl.com,Joanne,Rittenhouse,+44-5195830013
Janna.Tolman@hcl.com,Janna,Tolman,+44-4430216551
Kambra.Wong@hcl.com,Kambra,Wong,+44-4633864207
Nikiya.Rusch@hcl.com,Nikiya,Rusch,+44-5996471199
Riku.Henton@hcl.com,Riku,Henton,+44-2725390046
Camren.Kiss@hcl.com,Camren,Kiss,+44-4280660100
Harsh.Copple@hcl.com,Harsh,Copple,+44-6958236858
Joselin.Leahy@hcl.com,Joselin,Leahy,+44-0457689019
Citlalli.Gillman@hcl.com,Citlalli,Gillman,+44-7759652401
Mohit.Winn@hcl.com,Mohit,Winn,+44-2455295633
Nachum.Shakeshaft@hcl.com,Nachum,Shakeshaft,+44-7035767634
Rashawn.Worden@hcl.com,Rashawn,Worden,+44-0674637802
Meghaan.Hiers@hcl.com,Meghaan,Hiers,+44-2609138548
Tigran.Privette@hcl.com,Tigran,Privette,+44-4130782724
Tonimarie.Wei@hcl.com,Tonimarie,Wei,+44-8226961458
Cammi.Tomasello@hcl.com,Cammi,Tomasello,+44-3063532460
Shaka.Krohn@hcl.com,Shaka,Krohn,+44-4623694287
Courtney.Hudspeth@hcl.com,Courtney,Hudspeth,+44-5057320384
Modesto.Kelton@hcl.com,Modesto,Kelton,+44-7463042491
Lyly.Coffey@hcl.com,Lyly,Coffey,+44-9845466285
Stormi.Barcus@hcl.com,Stormi,Barcus,+44-9670075541
Babyboy.Rossi@hcl.com,Babyboy,Rossi,+44-6860975391
Karlos.Nice@hcl.com,Karlos,Nice,+44-7452560848
Mylinda.Dearing@hcl.com,Mylinda,Dearing,+44-8717649022
Sharla.Cropper@hcl.com,Sharla,Cropper,+44-3238273403
Shatisha.Roberto@hcl.com,Shatisha,Roberto,+44-8178612734
Ashanti.Pinto@hcl.com,Ashanti,Pinto,+44-6925237065
Syndey.Haffner@hcl.com,Syndey,Haffner,+44-2011073484
Garen.Cochran@hcl.com,Garen,Cochran,+44-8380943231
Breiana.Gaul@hcl.com,Breiana,Gaul,+44-7435411352
Haneef.Scaggs@hcl.com,Haneef,Scaggs,+44-3644637134
Jennae.Bugg@hcl.com,Jennae,Bugg,+44-1110527623
Daniela.Terranova@hcl.com,Daniela,Terranova,+44-8789041542
Sundeep.Bodega@hcl.com,Sundeep,Bodega,+44-9544893503
Alejando.Silvia@hcl.com,Alejando,Silvia,+44-1472071480
Jae.Turgeon@hcl.com,Jae,Turgeon,+44-9620246865
Haide.Caffrey@hcl.com,Haide,Caffrey,+44-6185038527
Navil.Treadwell@hcl.com,Navil,Treadwell,+44-4050118897
Solange.Wegner@hcl.com,Solange,Wegner,+44-7962650999
Shaya.Lillard@hcl.com,Shaya,Lillard,+44-2655562842
Yasmina.Goulding@hcl.com,Yasmina,Goulding,+44-1186544066
Yoseline.Garrison@hcl.com,Yoseline,Garrison,+44-0712731493
Josje.Hayman@hcl.com,Josje,Hayman,+44-2729834548
Valentine.Meek@hcl.com,Valentine,Meek,+44-1112854154
Kiyana.Cooks@hcl.com,Kiyana,Cooks,+44-7142274372
Moroni.Hockaday@hcl.com,Moroni,Hockaday,+44-8386830946
Bilan.Visser@hcl.com,Bilan,Visser,+44-3021607865
Ewan.Stenberg@hcl.com,Ewan,Stenberg,+44-1672896536
Deke.Grice@hcl.com,Deke,Grice,+44-4940371424
Mahlik.Sipes@hcl.com,Mahlik,Sipes,+44-3959290803
Dayanira.Pinto@hcl.com,Dayanira,Pinto,+44-8316510867
Cherlyn.Meredith@hcl.com,Cherlyn,Meredith,+44-4860538169
Coleman.Laing@hcl.com,Coleman,Laing,+44-0509103529
Kaytlin.Shue@hcl.com,Kaytlin,Shue,+44-1781178086
Ranae.Polston@hcl.com,Ranae,Polston,+44-4707575744
Aline.Collado@hcl.com,Aline,Collado,+44-9935516129
Lakeesha.Brannan@hcl.com,Lakeesha,Brannan,+44-1774047958
Jawuan.Kissel@hcl.com,Jawuan,Kissel,+44-1754368730
Tyrion.Forbes@hcl.com,Tyrion,Forbes,+44-0657981210
Shaquanda.Atencio@hcl.com,Shaquanda,Atencio,+44-2307396961
Miri.Bissonnette@hcl.com,Miri,Bissonnette,+44-2741030814
Halima.Winchell@hcl.com,Halima,Winchell,+44-9264693290
Shayleen.Bautista@hcl.com,Shayleen,Bautista,+44-8082745137
Kacia.Petschel@hcl.com,Kacia,Petschel,+44-9923470168
Mikal.Brake@hcl.com,Mikal,Brake,+44-3132094686
Pebbles.Dimauro@hcl.com,Pebbles,Dimauro,+44-4109626211
Halima.Potts@hcl.com,Halima,Potts,+44-8248732183
Thad.Guajardo@hcl.com,Thad,Guajardo,+44-7902396661
Keane.Demaio@hcl.com,Keane,Demaio,+44-3928840118
Christle.Reed@hcl.com,Christle,Reed,+44-7994378422
Astrid.Schweitzer@hcl.com,Astrid,Schweitzer,+44-5094912204
Nala.Gamez@hcl.com,Nala,Gamez,+44-2273923177
Lachandra.Varner@hcl.com,Lachandra,Varner,+44-1545475407
Vernon.Woody@hcl.com,Vernon,Woody,+44-9219170604
Job.Salisbury@hcl.com,Job,Salisbury,+44-7813398534
Abcde.Laprade@hcl.com,Abcde,Laprade,+44-6323457564
Laronda.Dahl@hcl.com,Laronda,Dahl,+44-6245461754
Triniti.Avelar@hcl.com,Triniti,Avelar,+44-1281583314
Cherish.Parkin@hcl.com,Cherish,Parkin,+44-5576727470
Shanai.Huntsman@hcl.com,Shanai,Huntsman,+44-2198944099
Khadejah.Mills@hcl.com,Khadejah,Mills,+44-0678598203
Bashir.Fite@hcl.com,Bashir,Fite,+44-5187967141
Velvet.Pumphrey@hcl.com,Velvet,Pumphrey,+44-6308796395
Brittanny.MacRorie@hcl.com,Brittanny,MacRorie,+44-6338554459
Griselda.Slaven@hcl.com,Griselda,Slaven,+44-2075435666
Jelisa.Atwood@hcl.com,Jelisa,Atwood,+44-2683657855
Kyron.Frisbie@hcl.com,Kyron,Frisbie,+44-3573585040
Harriet.Wentworth@hcl.com,Harriet,Wentworth,+44-1798648623
Bernadine.Billison@hcl.com,Bernadine,Billison,+44-3704264786
Hao.Alonso@hcl.com,Hao,Alonso,+44-9612111276
Tyreke.Canton@hcl.com,Tyreke,Canton,+44-3641130307
Jaimie.Taber@hcl.com,Jaimie,Taber,+44-6223175002
Tovah.Tenorio@hcl.com,Tovah,Tenorio,+44-1206025741
Aikeem.Gerhardt@hcl.com,Aikeem,Gerhardt,+44-0297791822
Duyen.Shepard@hcl.com,Duyen,Shepard,+44-4420623102
Nga.Poff@hcl.com,Nga,Poff,+44-4098300968
Jaleesa.Mitchell@hcl.com,Jaleesa,Mitchell,+44-4697045659
Sharnice.Crooks@hcl.com,Sharnice,Crooks,+44-4016947104
Trent.Vartanian@hcl.com,Trent,Vartanian,+44-6233300862
Vickey.Spradlin@hcl.com,Vickey,Spradlin,+44-0067375883
Denielle.Spooner@hcl.com,Denielle,Spooner,+44-9227559106
Korbin.Beene@hcl.com,Korbin,Beene,+44-0013050109
Jarrel.Dickey@hcl.com,Jarrel,Dickey,+44-3666972190
Flora.Hochstetler@hcl.com,Flora,Hochstetler,+44-2174481732
Kayci.Botello@hcl.com,Kayci,Botello,+44-1196873053
Rosann.Fontenot@hcl.com,Rosann,Fontenot,+44-4148468960
Manpreet.Criner@hcl.com,Manpreet,Criner,+44-7873806183
Sophana.Sine@hcl.com,Sophana,Sine,+44-3631946824
Lateefah.Zhu@hcl.com,Lateefah,Zhu,+44-1873132715
Emmalee.Mims@hcl.com,Emmalee,Mims,+44-8554215658
Malyk.Crippen@hcl.com,Malyk,Crippen,+44-5355287588
Craig.Slayton@hcl.com,Craig,Slayton,+44-7242245522
Cletus.Conlin@hcl.com,Cletus,Conlin,+44-1091782633
Manjot.Sroka@hcl.com,Manjot,Sroka,+44-4802145081
Dilcia.Rivero@hcl.com,Dilcia,Rivero,+44-2244918014
Jalani.Rudd@hcl.com,Jalani,Rudd,+44-2542121754
Terrill.Mcentire@hcl.com,Terrill,Mcentire,+44-4750279822
Damiano.Kyser@hcl.com,Damiano,Kyser,+44-4986994937
Sherrell.Senechell@hcl.com,Sherrell,Senechell,+44-3478724793
Gabino.Merriman@hcl.com,Gabino,Merriman,+44-8000642447
Sabria.Garretson@hcl.com,Sabria,Garretson,+44-9522570998
Bertrand.Stauffer@hcl.com,Bertrand,Stauffer,+44-9880644785
Tonimarie.Mcvey@hcl.com,Tonimarie,Mcvey,+44-8483692792
Michellee.Flobert@hcl.com,Michellee,Flobert,+44-8044185410
Audie.Sorensen@hcl.com,Audie,Sorensen,+44-0712979015
Lenell.Westhoff@hcl.com,Lenell,Westhoff,+44-4457179055
Clarissa.Fedele@hcl.com,Clarissa,Fedele,+44-3089765712
Larnell.Cone@hcl.com,Larnell,Cone,+44-4302371703
Marion.Reinhard@hcl.com,Marion,Reinhard,+44-6379147162
Cj.Fung@hcl.com,Cj,Fung,+44-1468943704
Azeneth.Arreola@hcl.com,Azeneth,Arreola,+44-2570582968
Marlaina.Mcwhorter@hcl.com,Marlaina,Mcwhorter,+44-3662015830
Jonisha.Whitlow@hcl.com,Jonisha,Whitlow,+44-0322896003
Madeleine.Pettingill@hcl.com,Madeleine,Pettingill,+44-9116093472
Cloe.Hurdle@hcl.com,Cloe,Hurdle,+44-4506376400
Maci.Nunez@hcl.com,Maci,Nunez,+44-8588519496
Marlyne.Devera@hcl.com,Marlyne,Devera,+44-3424692643
Jolisa.Stelter@hcl.com,Jolisa,Stelter,+44-7036408320